{
    "2003": {
        "Solln": 0.04699093157460841,
        "Haidhausen": 0.06461256141597112,
        "Hadern": 0.04541835427701042,
        "Au": 0.06461256141597112,
        "Berg am Laim": 0.06706106238623201,
        "Lehel": 0.05405187691316256,
        "Riem": 0.03962403243641725,
        "Langwied": 0.050446270593323635,
        "Laim": 0.055424528301886794,
        "Sendling": 0.04697675854193031,
        "Thalkirchen": 0.04699093157460841,
        "Trudering": 0.03962403243641725,
        "Obermenzing": 0.042149132154104804,
        "Maxvorstadt": 0.06365231088676476,
        "Freimann": 0.051974090067859344,
        "Milbertshofen": 0.0802896359195068,
        "Schwanthalerhöhe": 0.10696187729009121,
        "Isarvorstadt": 0.08261991102471121,
        "West": 0.05326199792382017,
        "Altstadt": 0.05405187691316256,
        "Bogenhausen": 0.04244842351109381,
        "Fürstenried": 0.04699093157460841,
        "Pasing": 0.042149132154104804,
        "Lochhausen": 0.050446270593323635,
        "Obergiesing": 0.07021391335610282,
        "Feldmoching": 0.06373077752781288,
        "Am Hart": 0.0802896359195068,
        "Moosach": 0.0597702707281537,
        "Perlach": 0.06580894910622793,
        "Nymphenburg": 0.053425996307959606,
        "Forstenried": 0.04699093157460841,
        "Obersendling": 0.04699093157460841,
        "Aubing": 0.050446270593323635,
        "Untermenzing": 0.03907657043060634,
        "Westpark": 0.05867465045217445,
        "Schwabing": 0.05382096941627405,
        "Neuhausen": 0.053425996307959606,
        "Untergiesing": 0.05596166840715032,
        "Ludwigsvorstadt": 0.08261991102471121,
        "Hasenbergl": 0.06373077752781288,
        "Allach": 0.03907657043060634,
        "Ramersdorf": 0.06580894910622793,
        "Harlaching": 0.05596166840715032
    },
    "2008": {
        "Lochhausen": 0.034065572572096935,
        "Perlach": 0.05259534430085627,
        "Hadern": 0.03724824071827226,
        "Freimann": 0.03737208253199421,
        "Berg am Laim": 0.04682178324310759,
        "Lehel": 0.022891724773056177,
        "Riem": 0.03216690875478674,
        "Thalkirchen": 0.0324157945651218,
        "Laim": 0.04285714285714286,
        "Nymphenburg": 0.034370526889782566,
        "Trudering": 0.03216690875478674,
        "Obermenzing": 0.029154882715022458,
        "Maxvorstadt": 0.03094655403805163,
        "Schwanthalerhöhe": 0.07540139556940587,
        "Milbertshofen": 0.0581329077852502,
        "Forstenried": 0.0324157945651218,
        "Isarvorstadt": 0.04572631016400013,
        "West": 0.031786203533864264,
        "Langwied": 0.034065572572096935,
        "Bogenhausen": 0.02903329125609963,
        "Allach": 0.02817260176269805,
        "Fürstenried": 0.0324157945651218,
        "Pasing": 0.029154882715022458,
        "Au": 0.03586974044817024,
        "Solln": 0.0324157945651218,
        "Obergiesing": 0.0481043620057073,
        "Feldmoching": 0.05354230838920094,
        "Obersendling": 0.0324157945651218,
        "Schwabing": 0.03737208253199421,
        "Moosach": 0.053410097431355184,
        "Haidhausen": 0.03586974044817024,
        "Sendling": 0.03118296447444148,
        "Altstadt": 0.022891724773056177,
        "Am Hart": 0.0581329077852502,
        "Aubing": 0.034065572572096935,
        "Untermenzing": 0.02817260176269805,
        "Westpark": 0.04389682415110135,
        "Neuhausen": 0.034370526889782566,
        "Untergiesing": 0.040012753068707156,
        "Hasenbergl": 0.05354230838920094,
        "Ludwigsvorstadt": 0.04572631016400013,
        "Ramersdorf": 0.05259534430085627,
        "Harlaching": 0.040012753068707156
    },
    "2009": {
        "Solln": 0.03721027645908964,
        "Haidhausen": 0.040029495417676184,
        "Forstenried": 0.03721027645908964,
        "Au": 0.040029495417676184,
        "Sendling": 0.0794872828409045,
        "Berg am Laim": 0.05862249205902457,
        "Lehel": 0.029539335925815136,
        "Riem": 0.03595938825343786,
        "Thalkirchen": 0.03721027645908964,
        "Laim": 0.04893968760688633,
        "Hasenbergl": 0.05641319423506,
        "Trudering": 0.03595938825343786,
        "Obermenzing": 0.036935917071763115,
        "Maxvorstadt": 0.03768521759421305,
        "Freimann": 0.041415032983368946,
        "Milbertshofen": 0.08199269237061678,
        "Hadern": 0.04486907751002706,
        "Isarvorstadt": 0.04995758010833388,
        "West": 0.03609177034585093,
        "Langwied": 0.04345796210559079,
        "Bogenhausen": 0.03232052427762883,
        "Fürstenried": 0.03721027645908964,
        "Pasing": 0.036935917071763115,
        "Lochhausen": 0.04345796210559079,
        "Obergiesing": 0.06109884226728234,
        "Feldmoching": 0.05641319423506,
        "Obersendling": 0.03721027645908964,
        "Schwabing": 0.04070311608263897,
        "Moosach": 0.06461731493099122,
        "Perlach": 0.0651705135372574,
        "Nymphenburg": 0.03838265944143393,
        "Altstadt": 0.029539335925815136,
        "Am Hart": 0.08199269237061678,
        "Aubing": 0.04345796210559079,
        "Untermenzing": 0.03364580694198125,
        "Westpark": 0.05665852607383996,
        "Schwanthalerhöhe": 0.08356582106014404,
        "Neuhausen": 0.03838265944143393,
        "Untergiesing": 0.04958557086154564,
        "Allach": 0.03364580694198125,
        "Ludwigsvorstadt": 0.04995758010833388,
        "Ramersdorf": 0.0651705135372574,
        "Harlaching": 0.04958557086154564
    },
    "2002": {
        "Solln": 0.03566433566433566,
        "Perlach": 0.055021496546060575,
        "Hadern": 0.036435513095042005,
        "Au": 0.055793613524301476,
        "Untergiesing": 0.04249588932358111,
        "Am Hart": 0.06847142939514501,
        "Berg am Laim": 0.053240917053850256,
        "Lehel": 0.044661712944857254,
        "Riem": 0.03242135337411882,
        "Thalkirchen": 0.03566433566433566,
        "Hasenbergl": 0.052620346940642056,
        "Ludwigsvorstadt": 0.07173181086224564,
        "Trudering": 0.03242135337411882,
        "Langwied": 0.040364329920984,
        "Maxvorstadt": 0.05336516518625145,
        "Schwanthalerhöhe": 0.07563570316554229,
        "Milbertshofen": 0.06847142939514501,
        "Freimann": 0.03887920009301244,
        "West": 0.04013679760604189,
        "Isarvorstadt": 0.07173181086224564,
        "Laim": 0.04297217353198948,
        "Altstadt": 0.044661712944857254,
        "Bogenhausen": 0.035712217439144454,
        "Fürstenried": 0.03566433566433566,
        "Pasing": 0.03443071408357702,
        "Lochhausen": 0.040364329920984,
        "Obergiesing": 0.05762591208400071,
        "Feldmoching": 0.052620346940642056,
        "Obermenzing": 0.03443071408357702,
        "Schwabing": 0.03929775607487501,
        "Moosach": 0.04802212255083803,
        "Haidhausen": 0.055793613524301476,
        "Sendling": 0.07007751937984497,
        "Forstenried": 0.03566433566433566,
        "Obersendling": 0.03566433566433566,
        "Aubing": 0.040364329920984,
        "Nymphenburg": 0.04409899044045386,
        "Westpark": 0.04802963142874492,
        "Neuhausen": 0.04409899044045386,
        "Untermenzing": 0.031031082974417517,
        "Allach": 0.031031082974417517,
        "Ramersdorf": 0.055021496546060575,
        "Harlaching": 0.04249588932358111
    },
    "2005": {
        "Untergiesing": 0.06770146323506857,
        "Haidhausen": 0.06826975437791981,
        "Forstenried": 0.05304732226972969,
        "Freimann": 0.06028496476518697,
        "Nymphenburg": 0.06403526060236862,
        "Berg am Laim": 0.08719660444224667,
        "Lehel": 0.05655345517295474,
        "Riem": 0.04562011632689031,
        "Thalkirchen": 0.05304732226972969,
        "Isarvorstadt": 0.08993200263215617,
        "Trudering": 0.04562011632689031,
        "Solln": 0.05304732226972969,
        "Maxvorstadt": 0.06135248773651016,
        "Schwanthalerhöhe": 0.12019482952416635,
        "Milbertshofen": 0.11092853642365015,